{"is_source_file": true, "format": "TypeScript", "description": "This file sets up an Express server to serve an Angular application with server-side rendering (SSR). It includes static file serving and SSR request handling, and starts the server if executed as the main module.", "external_files": ["@angular/common", "@angular/ssr/node", "express", "node:path", "node:url", "./main.server"], "external_methods": ["isMainModule", "fileURLToPath", "dirname", "resolve", "join", "express()"], "published": ["app"], "classes": [], "methods": [{"name": "render", "description": "Method of CommonEngine to render Angular application server-side."}, {"name": "listen", "description": "Method to start Express server on specified port."}, {"name": "app.get", "description": "Defines GET route handlers for static file serving and SSR handling."}], "calls": ["commonEngine.render", "app.get", "app.listen", "next"], "search-terms": ["server-side rendering", "Angular SSR", "Express static serving", "node:path resolving", "bootstrap server", "isMainModule"], "state": 2, "file_id": 16, "knowledge_revision": 41, "git_revision": "9bf39a46df1aea1029dc2852982d6279bfbafad0", "ctags": [{"_type": "tag", "name": "app", "path": "/home/kavia/workspace/code-generation/ota-management-interface-26337-26346/ota_frontend/src/server.ts", "pattern": "/^const app = express();$/", "language": "TypeScript", "kind": "constant"}, {"_type": "tag", "name": "baseUrl", "path": "/home/kavia/workspace/code-generation/ota-management-interface-26337-26346/ota_frontend/src/server.ts", "pattern": "/^  const { protocol, originalUrl, baseUrl, headers } = req;$/", "language": "TypeScript", "kind": "constant"}, {"_type": "tag", "name": "browserDistFolder", "path": "/home/kavia/workspace/code-generation/ota-management-interface-26337-26346/ota_frontend/src/server.ts", "pattern": "/^const browserDistFolder = resolve(serverDistFolder, '..\\/browser');$/", "language": "TypeScript", "kind": "constant"}, {"_type": "tag", "name": "commonEngine", "path": "/home/kavia/workspace/code-generation/ota-management-interface-26337-26346/ota_frontend/src/server.ts", "pattern": "/^const commonEngine = new CommonEngine();$/", "language": "TypeScript", "kind": "constant"}, {"_type": "tag", "name": "headers", "path": "/home/kavia/workspace/code-generation/ota-management-interface-26337-26346/ota_frontend/src/server.ts", "pattern": "/^  const { protocol, originalUrl, baseUrl, headers } = req;$/", "language": "TypeScript", "kind": "constant"}, {"_type": "tag", "name": "indexHtml", "path": "/home/kavia/workspace/code-generation/ota-management-interface-26337-26346/ota_frontend/src/server.ts", "pattern": "/^const indexHtml = join(serverDistFolder, 'index.server.html');$/", "language": "TypeScript", "kind": "constant"}, {"_type": "tag", "name": "originalUrl", "path": "/home/kavia/workspace/code-generation/ota-management-interface-26337-26346/ota_frontend/src/server.ts", "pattern": "/^  const { protocol, originalUrl, baseUrl, headers } = req;$/", "language": "TypeScript", "kind": "constant"}, {"_type": "tag", "name": "port", "path": "/home/kavia/workspace/code-generation/ota-management-interface-26337-26346/ota_frontend/src/server.ts", "pattern": "/^  const port = process.env['PORT'] || 4000;$/", "language": "TypeScript", "kind": "constant"}, {"_type": "tag", "name": "protocol", "path": "/home/kavia/workspace/code-generation/ota-management-interface-26337-26346/ota_frontend/src/server.ts", "pattern": "/^  const { protocol, originalUrl, baseUrl, headers } = req;$/", "language": "TypeScript", "kind": "constant"}, {"_type": "tag", "name": "serverDistFolder", "path": "/home/kavia/workspace/code-generation/ota-management-interface-26337-26346/ota_frontend/src/server.ts", "pattern": "/^const serverDistFolder = dirname(fileURLToPath(import.meta.url));$/", "language": "TypeScript", "kind": "constant"}], "hash": "2b01cdd40bb909f26c1bcd609dfb8a51", "format-version": 4, "code-base-name": "ota_frontend", "filename": "ota_frontend/src/server.ts", "revision_history": [{"41": "9bf39a46df1aea1029dc2852982d6279bfbafad0"}]}