{"is_source_file": true, "format": "TypeScript", "description": "This file configures the application setup for an Angular project, including router configuration, zone change detection, and hydration setup.", "external_files": ["@angular/core", "@angular/router", "./app.routes", "@angular/platform-browser"], "external_methods": ["provideZoneChangeDetection", "provideRouter", "provideClientHydration", "withEventReplay"], "published": [], "classes": [], "methods": [], "calls": ["provideZoneChangeDetection", "provideRouter", "provideClientHydration", "withEventReplay"], "search-terms": ["Angular application configuration", "app.config.ts", "provideRouter", "provideZoneChangeDetection", "provideClientHydration", "ApplicationConfig"], "state": 2, "file_id": 11, "knowledge_revision": 36, "git_revision": "9bf39a46df1aea1029dc2852982d6279bfbafad0", "ctags": [{"_type": "tag", "name": "appConfig", "path": "/home/kavia/workspace/code-generation/ota-management-interface-26337-26346/ota_frontend/src/app/app.config.ts", "pattern": "/^export const appConfig: ApplicationConfig = {$/", "language": "TypeScript", "kind": "constant"}], "hash": "ddcd5a984786347b39d244da3ac0d836", "format-version": 4, "code-base-name": "ota_frontend", "filename": "ota_frontend/src/app/app.config.ts", "revision_history": [{"36": "9bf39a46df1aea1029dc2852982d6279bfbafad0"}]}