{"is_source_file": true, "format": "TypeScript", "description": "Angular component defining the root component of the frontend application, including its selector, template, styles, and a title property.", "external_files": ["./app.component.html", "./app.component.css"], "external_methods": [], "published": ["AppComponent"], "classes": [{"name": "AppComponent", "description": "The main application component with a title property."}], "methods": [{"name": "AppComponent", "description": "Constructor of the AppComponent class (default)."}], "calls": [], "search-terms": ["Angular", "Component", "app-root", "TypeScript", "app.component"], "state": 2, "file_id": 8, "knowledge_revision": 38, "git_revision": "9bf39a46df1aea1029dc2852982d6279bfbafad0", "ctags": [{"_type": "tag", "name": "AppComponent", "path": "/home/kavia/workspace/code-generation/ota-management-interface-26337-26346/ota_frontend/src/app/app.component.ts", "pattern": "/^export class AppComponent {$/", "language": "TypeScript", "kind": "class"}, {"_type": "tag", "name": "title", "path": "/home/kavia/workspace/code-generation/ota-management-interface-26337-26346/ota_frontend/src/app/app.component.ts", "pattern": "/^  title = 'ota_frontend is being generated';$/", "language": "TypeScript", "kind": "property", "scope": "AppComponent", "scopeKind": "class"}], "hash": "cd5604f0325863c96094bfb584bb193b", "format-version": 4, "code-base-name": "ota_frontend", "filename": "ota_frontend/src/app/app.component.ts", "fields": [{"name": "title = 'ota_frontend is being generated';", "scope": "AppComponent", "scopeKind": "class", "description": "unavailable"}], "revision_history": [{"38": "9bf39a46df1aea1029dc2852982d6279bfbafad0"}]}