{"is_source_file": false, "format": "", "description": "", "external_files": [], "external_methods": [], "published": [], "classes": [], "methods": [], "calls": [], "search-terms": [], "state": 2, "file_id": 18, "knowledge_revision": 33, "git_revision": "9bf39a46df1aea1029dc2852982d6279bfbafad0", "hash": "a88a471f435da6e3fe5e31affcd559af", "format-version": 4, "code-base-name": "ota_frontend", "filename": "ota_frontend/tsconfig.app.json", "revision_history": [{"33": "9bf39a46df1aea1029dc2852982d6279bfbafad0"}]}