{"is_source_file": true, "format": "TypeScript", "description": "This file initializes Module Federation runtime for server-side rendering in an Angular application, setting up remote micro-frontend entries and bootstrap configuration.", "external_files": ["@angular/platform-browser", "@module-federation/enhanced/runtime", "./app/app.component", "./app/app.config.server"], "external_methods": ["bootstrapApplication", "init"], "published": ["bootstrap"], "classes": [], "methods": [{"name": "bootstrap", "description": "Function that bootstraps the Angular application with specified configuration."}], "calls": ["init", "bootstrapApplication"], "search-terms": ["Module Federation", "server-side rendering", "Angular", "remoteEntry", "bootstrapApplication", "config"], "state": 2, "file_id": 13, "knowledge_revision": 46, "git_revision": "9bf39a46df1aea1029dc2852982d6279bfbafad0", "revision_history": [{"39": "9bf39a46df1aea1029dc2852982d6279bfbafad0"}, {"46": "9bf39a46df1aea1029dc2852982d6279bfbafad0"}], "ctags": [{"_type": "tag", "name": "bootstrap", "path": "/home/kavia/workspace/code-generation/ota-management-interface-26337-26346/ota_frontend/src/main.server.ts", "pattern": "/^const bootstrap = () => bootstrapApplication(AppComponent, config);$/", "language": "TypeScript", "kind": "constant"}], "hash": "4fde8c8e97f2cdd04186f73462a63ba4", "format-version": 4, "code-base-name": "ota_frontend", "filename": "ota_frontend/src/main.server.ts"}