{"is_source_file": false, "format": "", "description": "", "external_files": [], "external_methods": [], "published": [], "classes": [], "methods": [], "calls": [], "search-terms": [], "state": 2, "file_id": 19, "knowledge_revision": 37, "git_revision": "9bf39a46df1aea1029dc2852982d6279bfbafad0", "hash": "7d3465ee11a90f93aaf340848e66ce1e", "format-version": 4, "code-base-name": "ota_frontend", "filename": "ota_frontend/angular.json", "revision_history": [{"37": "9bf39a46df1aea1029dc2852982d6279bfbafad0"}]}