{"is_source_file": false, "format": null, "description": "", "external_files": [], "external_methods": [], "published": [], "classes": [], "methods": [], "calls": [], "search-terms": [], "state": 2, "file_id": 10, "knowledge_revision": 28, "git_revision": "9bf39a46df1aea1029dc2852982d6279bfbafad0", "hash": "c943f83c5c83b9b7adf2bae69cf658ea", "format-version": 4, "code-base-name": "ota_frontend", "filename": "ota_frontend/src/app/app.component.html", "revision_history": [{"28": "9bf39a46df1aea1029dc2852982d6279bfbafad0"}]}