{"is_source_file": true, "format": "TypeScript", "description": "This file contains test specifications for the Angular AppComponent, verifying its creation, title property, and template rendering.", "external_files": ["./app.component"], "external_methods": ["TestBed.configureTestingModule", "TestBed.createComponent", "fixture.detectChanges", "fixture.nativeElement", "expect"], "published": [], "classes": [{"name": "AppComponent", "description": "The main component of the Angular application being tested."}], "methods": [{"name": "should create the app", "description": "Tests that the AppComponent is instantiated successfully."}, {"name": "should have the 'angular' title", "description": "Verifies that the AppComponent has the expected title property."}, {"name": "should render title", "description": "Ensures that the component renders the expected title text in its template."}], "calls": ["TestBed.configureTestingModule", "TestBed.createComponent", "fixture.detectChanges", "expect"], "search-terms": ["Angular", "component.spec.ts", "TestBed", "AppComponent", "unit test", "fixture", "detectChanges", "render title"], "state": 2, "file_id": 7, "knowledge_revision": 31, "git_revision": "9bf39a46df1aea1029dc2852982d6279bfbafad0", "ctags": [{"_type": "tag", "name": "app", "path": "/home/kavia/workspace/code-generation/ota-management-interface-26337-26346/ota_frontend/src/app/app.component.spec.ts", "pattern": "/^    const app = fixture.componentInstance;$/", "language": "TypeScript", "kind": "constant"}, {"_type": "tag", "name": "compiled", "path": "/home/kavia/workspace/code-generation/ota-management-interface-26337-26346/ota_frontend/src/app/app.component.spec.ts", "pattern": "/^    const compiled = fixture.nativeElement as HTMLElement;$/", "language": "TypeScript", "kind": "constant"}, {"_type": "tag", "name": "fixture", "path": "/home/kavia/workspace/code-generation/ota-management-interface-26337-26346/ota_frontend/src/app/app.component.spec.ts", "pattern": "/^    const fixture = TestBed.createComponent(AppComponent);$/", "language": "TypeScript", "kind": "constant"}], "hash": "5bff32fedc85513ebb007e779659ab1b", "format-version": 4, "code-base-name": "ota_frontend", "filename": "ota_frontend/src/app/app.component.spec.ts", "revision_history": [{"31": "9bf39a46df1aea1029dc2852982d6279bfbafad0"}]}