{"is_source_file": true, "format": "TypeScript", "description": "This is the main entry file for an Angular frontend project that initializes module federation runtime and bootstraps the application with configuration.", "external_files": ["@angular/platform-browser", "@module-federation/enhanced/runtime", "./app/app.config", "./app/app.component"], "external_methods": ["bootstrapApplication", "init"], "published": ["bootstrapApplication", "init", "appConfig", "AppComponent"], "classes": [], "methods": [{"name": "bootstrapApplication", "description": "Bootstraps the Angular application using the specified root component and configuration."}, {"name": "init", "description": "Initializes the Module Federation runtime with remote configurations."}], "calls": ["init", "bootstrapApplication", "console.error"], "search-terms": ["module federation", "bootstrap application", "Angular main.ts", "remoteEntry", "runtime initialization"], "state": 2, "file_id": 15, "knowledge_revision": 45, "git_revision": "9bf39a46df1aea1029dc2852982d6279bfbafad0", "revision_history": [{"40": "9bf39a46df1aea1029dc2852982d6279bfbafad0"}, {"45": "9bf39a46df1aea1029dc2852982d6279bfbafad0"}], "ctags": [], "hash": "d22c87e087ce7c63ceaa9ffa356e8a90", "format-version": 4, "code-base-name": "ota_frontend", "filename": "ota_frontend/src/main.ts"}