{"is_source_file": true, "format": "TypeScript", "description": "This file defines the application's routing configuration using Angular's routing module, specifying paths and lazy-loading remote modules via module federation.", "external_files": ["@angular/router", "@module-federation/enhanced/runtime"], "external_methods": ["loadRemote"], "published": ["routes"], "classes": [], "methods": [{"name": "loadChildren", "description": "Asynchronous function to load remote modules for route lazy-loading."}], "calls": ["loadRemote('login/Routes')", "loadRemote('te-user/Routes')", "loadRemote('te-ota/Routes')"], "search-terms": ["app.routes.ts", "Angular routing", "lazy loading", "module federation", "Routes configuration"], "state": 2, "file_id": 9, "knowledge_revision": 44, "git_revision": "9bf39a46df1aea1029dc2852982d6279bfbafad0", "revision_history": [{"32": "9bf39a46df1aea1029dc2852982d6279bfbafad0"}, {"43": "9bf39a46df1aea1029dc2852982d6279bfbafad0"}, {"44": "9bf39a46df1aea1029dc2852982d6279bfbafad0"}], "ctags": [{"_type": "tag", "name": "routes", "path": "/home/kavia/workspace/code-generation/ota-management-interface-26337-26346/ota_frontend/src/app/app.routes.ts", "pattern": "/^export const routes: Routes = [$/", "language": "TypeScript", "kind": "constant"}], "hash": "3c194e006cce7c85716b09a076f293cd", "format-version": 4, "code-base-name": "ota_frontend", "filename": "ota_frontend/src/app/app.routes.ts"}