{"is_source_file": false, "format": "", "description": "", "external_files": [], "external_methods": [], "published": [], "classes": [], "methods": [], "calls": [], "search-terms": [], "state": 2, "file_id": 2, "knowledge_revision": 23, "git_revision": "9bf39a46df1aea1029dc2852982d6279bfbafad0", "hash": "64cc45ff2b7dc220b2fb18a2e8d96ce8", "format-version": 4, "code-base-name": "ota_frontend", "filename": "ota_frontend/tsconfig.json", "revision_history": [{"23": "9bf39a46df1aea1029dc2852982d6279bfbafad0"}]}