{"is_source_file": false, "format": "", "description": "", "external_files": [], "external_methods": [], "published": [], "classes": [], "methods": [], "calls": [], "search-terms": [], "state": 2, "file_id": 17, "knowledge_revision": 34, "git_revision": "9bf39a46df1aea1029dc2852982d6279bfbafad0", "hash": "3bbab7796b2ab5af73dcc4b5f9064535", "format-version": 4, "code-base-name": "ota_frontend", "filename": "ota_frontend/tsconfig.spec.json", "revision_history": [{"34": "9bf39a46df1aea1029dc2852982d6279bfbafad0"}]}