{"is_source_file": false, "format": "", "description": "", "external_files": [], "external_methods": [], "published": [], "classes": [], "methods": [], "calls": [], "search-terms": [], "state": 2, "file_id": 20, "knowledge_revision": 42, "git_revision": "9bf39a46df1aea1029dc2852982d6279bfbafad0", "hash": "614ee09f3a92972e3ddabb1ad7be8363", "format-version": 4, "code-base-name": "ota_frontend", "filename": "ota_frontend/package.json", "revision_history": [{"42": "9bf39a46df1aea1029dc2852982d6279bfbafad0"}]}