{"is_source_file": false, "format": "", "description": "", "external_files": [], "external_methods": [], "published": [], "classes": [], "methods": [], "calls": [], "search-terms": [], "state": 2, "file_id": 4, "knowledge_revision": 22, "git_revision": "9bf39a46df1aea1029dc2852982d6279bfbafad0", "hash": "448c65f2618eac91cb0718540996359a", "format-version": 4, "code-base-name": "ota_frontend", "filename": "ota_frontend/README.md", "revision_history": [{"22": "9bf39a46df1aea1029dc2852982d6279bfbafad0"}]}