{"is_source_file": false, "format": "CSS", "description": "", "external_files": [], "external_methods": [], "published": [], "classes": [], "methods": [], "calls": [], "search-terms": ["app.component.css", "CSS styles", ".container", "h1"], "state": 2, "file_id": 6, "knowledge_revision": 25, "git_revision": "9bf39a46df1aea1029dc2852982d6279bfbafad0", "hash": "b9a65cdb5bc86c04cfa95119ad2adec6", "format-version": 4, "code-base-name": "ota_frontend", "filename": "ota_frontend/src/app/app.component.css", "revision_history": [{"25": "9bf39a46df1aea1029dc2852982d6279bfbafad0"}]}