{"is_source_file": false, "format": "", "description": "", "external_files": [], "external_methods": [], "published": [], "classes": [], "methods": [], "calls": [], "search-terms": [], "state": 2, "file_id": 5, "knowledge_revision": 24, "git_revision": "9bf39a46df1aea1029dc2852982d6279bfbafad0", "hash": "ed87f0986ed05a71a6cf69cb9768e2a9", "format-version": 4, "code-base-name": "ota_frontend", "filename": "ota_frontend/src/styles.css", "revision_history": [{"24": "9bf39a46df1aea1029dc2852982d6279bfbafad0"}]}