{"is_source_file": false, "format": "", "description": "", "external_files": [], "external_methods": [], "published": [], "classes": [], "methods": [], "calls": [], "search-terms": [], "state": 2, "file_id": 14, "knowledge_revision": 29, "git_revision": "9bf39a46df1aea1029dc2852982d6279bfbafad0", "hash": "76952b112594265d2e9481c534c6b718", "format-version": 4, "code-base-name": "ota_frontend", "filename": "ota_frontend/src/index.html", "revision_history": [{"29": "9bf39a46df1aea1029dc2852982d6279bfbafad0"}]}