{"is_source_file": false, "format": "", "description": "", "external_files": [], "external_methods": [], "published": [], "classes": [], "methods": [], "calls": [], "search-terms": [], "state": 2, "file_id": 3, "knowledge_revision": 27, "git_revision": "9bf39a46df1aea1029dc2852982d6279bfbafad0", "hash": "9a89dca91155c7dbd9e00b0c719cb194", "format-version": 4, "code-base-name": "ota_frontend", "filename": "ota_frontend/eslint.config.mjs", "revision_history": [{"27": "9bf39a46df1aea1029dc2852982d6279bfbafad0"}]}