{"is_source_file": true, "format": "TypeScript", "description": "This file configures server-side rendering for an Angular application by merging a general app configuration with server-specific settings.", "external_files": ["@angular/core", "@angular/platform-server", "./app.config"], "external_methods": ["mergeApplicationConfig", "provideServerRendering"], "published": ["config"], "classes": [], "methods": [{"name": "mergeApplicationConfig", "description": "Function to merge two application configurations into one."}, {"name": "provideServerRendering", "description": "Function that provides server rendering capabilities."}], "calls": ["provideServerRendering()", "mergeApplicationConfig(appConfig, serverConfig)"], "search-terms": ["Angular server config", "app configuration merging", "app.config", "server rendering setup"], "state": 2, "file_id": 12, "knowledge_revision": 35, "git_revision": "9bf39a46df1aea1029dc2852982d6279bfbafad0", "ctags": [{"_type": "tag", "name": "config", "path": "/home/kavia/workspace/code-generation/ota-management-interface-26337-26346/ota_frontend/src/app/app.config.server.ts", "pattern": "/^export const config = mergeApplicationConfig(appConfig, serverConfig);$/", "language": "TypeScript", "kind": "constant"}, {"_type": "tag", "name": "serverConfig", "path": "/home/kavia/workspace/code-generation/ota-management-interface-26337-26346/ota_frontend/src/app/app.config.server.ts", "pattern": "/^const serverConfig: ApplicationConfig = {$/", "language": "TypeScript", "kind": "constant"}], "hash": "9fcafd12104018b7fb74bad3e42a1977", "format-version": 4, "code-base-name": "ota_frontend", "filename": "ota_frontend/src/app/app.config.server.ts", "revision_history": [{"35": "9bf39a46df1aea1029dc2852982d6279bfbafad0"}]}